unicode	latex
0023	\#
0024	\$
0025	\%
0026	\&
0027	'
0040	\@
002A	\textasteriskcentered
005E	\^{}
005F	\_
007C	\vert{}
00A0	~
00A1	\textexclamdown{}
00A2	\textcent{}
00A3	\textsterling{}
00A4	\textcurrency{}
00A5	\textyen{}
00A6	\textbrokenbar{}
00A7	\textsection{}
00A8	\textasciidieresis{}
00A9	\textcopyright{}
00AA	\textordfeminine{}
00AB	\guillemotleft{}
00AC	\lnot{}
00AD	\-
00AE	\textregistered{}
00AF	\textasciimacron{}
00B0	\textdegree{}
00B1	\pm{}
00B2	\ensuremath{^2}
00B3	\ensuremath{^3}
00B4	\textasciiacute{}
00B5	\mathrm{\mu}
00B6	\textparagraph{}
00B7	\cdot{}
00B8	\c{}
00B9	\ensuremath{^1}
00BA	\textordmasculine{}
00BB	\guillemotright{}
00BC	\textonequarter{}
00BD	\textonehalf{}
00BE	\textthreequarters{}
00BF	\textquestiondown{}
00C0	\`{A}
00C1	\'{A}
00C2	\^{A}
00C3	\~{A}
00C4	\"{A}
00C5	\AA{}
00C6	\AE{}
00C7	\c{C}
00C8	\`{E}
00C9	\'{E}
00CA	\^{E}
00CB	\"{E}
00CC	\`{I}
00CD	\'{I}
00CE	\^{I}
00CF	\"{I}
00D0	\DH{}
00D1	\~{N}
00D2	\`{O}
00D3	\'{O}
00D4	\^{O}
00D5	\~{O}
00D6	\"{O}
00D7	\texttimes{}
00D8	\O{}
00D9	\`{U}
00DA	\'{U}
00DB	\^{U}
00DC	\"{U}
00DD	\'{Y}
00DE	\TH{}
00DF	\ss{}
00E0	\`{a}
00E1	\'{a}
00E2	\^{a}
00E3	\~{a}
00E4	\"{a}
00E5	\aa{}
00E6	\ae{}
00E7	\c{c}
00E8	\`{e}
00E9	\'{e}
00EA	\^{e}
00EB	\"{e}
00EC	\`{\i}
00ED	\'{\i}
00EE	\^{\i}
00EF	\"{\i}
00F0	\dh{}
00F1	\~{n}
00F2	\`{o}
00F3	\'{o}
00F4	\^{o}
00F5	\~{o}
00F6	\"{o}
00F7	\div{}
00F8	\o{}
00F9	\`{u}
00FA	\'{u}
00FB	\^{u}
00FC	\"{u}
00FD	\'{y}
00FE	\th{}
00FF	\"{y}
0100	\={A}
0101	\={a}
0102	\u{A}
0103	\u{a}
0104	\k{A}
0105	\k{a}
0106	\'{C}
0107	\'{c}
0108	\^{C}
0109	\^{c}
010A	\.{C}
010B	\.{c}
010C	\v{C}
010D	\v{c}
010E	\v{D}
010F	\v{d}
0110	\DJ{}
0111	\dj{}
0112	\={E}
0113	\={e}
0114	\u{E}
0115	\u{e}
0116	\.{E}
0117	\.{e}
0118	\k{E}
0119	\k{e}
011A	\v{E}
011B	\v{e}
011C	\^{G}
011D	\^{g}
011E	\u{G}
011F	\u{g}
0120	\.{G}
0121	\.{g}
0122	\c{G}
0123	\c{g}
0124	\^{H}
0125	\^{h}
0126	{\fontencoding{LELA}\selectfont\char40}
0127	\Elzxh{}
0128	\~{I}
0129	\~{\i}
012A	\={I}
012B	\={\i}
012C	\u{I}
012D	\u{\i}
012E	\k{I}
012F	\k{i}
0130	\.{I}
0131	\i{}
0132	IJ
0133	ij
0134	\^{J}
0135	\^{\j}
0136	\c{K}
0137	\c{k}
0138	{\fontencoding{LELA}\selectfont\char91}
0139	\'{L}
013A	\'{l}
013B	\c{L}
013C	\c{l}
013D	\v{L}
013E	\v{l}
013F	{\fontencoding{LELA}\selectfont\char201}
0140	{\fontencoding{LELA}\selectfont\char202}
0141	\L{}
0142	\l{}
0143	\'{N}
0144	\'{n}
0145	\c{N}
0146	\c{n}
0147	\v{N}
0148	\v{n}
0149	'n
014A	\NG{}
014B	\ng{}
014C	\={O}
014D	\={o}
014E	\u{O}
014F	\u{o}
0150	\H{O}
0151	\H{o}
0152	\OE{}
0153	\oe{}
0154	\'{R}
0155	\'{r}
0156	\c{R}
0157	\c{r}
0158	\v{R}
0159	\v{r}
015A	\'{S}
015B	\'{s}
015C	\^{S}
015D	\^{s}
015E	\c{S}
015F	\c{s}
0160	\v{S}
0161	\v{s}
0162	\c{T}
0163	\c{t}
0164	\v{T}
0165	\v{t}
0166	{\fontencoding{LELA}\selectfont\char47}
0167	{\fontencoding{LELA}\selectfont\char63}
0168	\~{U}
0169	\~{u}
016A	\={U}
016B	\={u}
016C	\u{U}
016D	\u{u}
016E	\r{U}
016F	\r{u}
0170	\H{U}
0171	\H{u}
0172	\k{U}
0173	\k{u}
0174	\^{W}
0175	\^{w}
0176	\^{Y}
0177	\^{y}
0178	\"{Y}
0179	\'{Z}
017A	\'{z}
017B	\.{Z}
017C	\.{z}
017D	\v{Z}
017E	\v{z}
0195	\texthvlig{}
019E	\textnrleg{}
01AA	\eth{}
01BA	{\fontencoding{LELA}\selectfont\char195}
01C2	\textdoublepipe{}
01F5	\'{g}
0250	\Elztrna{}
0252	\Elztrnsa{}
0254	\Elzopeno{}
0256	\Elzrtld{}
0258	{\fontencoding{LEIP}\selectfont\char61}
0259	\Elzschwa{}
025B	\varepsilon{}
0263	\Elzpgamma{}
0264	\Elzpbgam{}
0265	\Elztrnh{}
026C	\Elzbtdl{}
026D	\Elzrtll{}
026F	\Elztrnm{}
0270	\Elztrnmlr{}
0271	\Elzltlmr{}
0272	\Elzltln{}
0273	\Elzrtln{}
0277	\Elzclomeg{}
0278	\textphi{}
0279	\Elztrnr{}
027A	\Elztrnrl{}
027B	\Elzrttrnr{}
027C	\Elzrl{}
027D	\Elzrtlr{}
027E	\Elzfhr{}
027F	{\fontencoding{LEIP}\selectfont\char202}
0282	\Elzrtls{}
0283	\Elzesh{}
0287	\Elztrnt{}
0288	\Elzrtlt{}
028A	\Elzpupsil{}
028B	\Elzpscrv{}
028C	\Elzinvv{}
028D	\Elzinvw{}
028E	\Elztrny{}
0290	\Elzrtlz{}
0292	\Elzyogh{}
0294	\Elzglst{}
0295	\Elzreglst{}
0296	\Elzinglst{}
029E	\textturnk{}
02A4	\Elzdyogh{}
02A7	\Elztesh{}
02C7	\textasciicaron{}
02C8	\Elzverts{}
02CC	\Elzverti{}
02D0	\Elzlmrk{}
02D1	\Elzhlmrk{}
02D2	\Elzsbrhr{}
02D3	\Elzsblhr{}
02D4	\Elzrais{}
02D5	\Elzlow{}
02D8	\textasciibreve{}
02D9	\textperiodcentered{}
02DA	\r{}
02DB	\k{}
02DC	\texttildelow{}
02DD	\H{}
02E5	\tone{55}
02E6	\tone{44}
02E7	\tone{33}
02E8	\tone{22}
02E9	\tone{11}
0300	\`
0301	\'
0302	\^
0303	\~
0304	\=
0306	\u
0307	\.
0308	\"
030A	\r
030B	\H
030C	\v
030F	\cyrchar\C
0311	{\fontencoding{LECO}\selectfont\char177}
0318	{\fontencoding{LECO}\selectfont\char184}
0319	{\fontencoding{LECO}\selectfont\char185}
0321	\Elzpalh{}
0322	\Elzrh{}
0327	\c
0328	\k
032A	\Elzsbbrg{}
032B	{\fontencoding{LECO}\selectfont\char203}
032F	{\fontencoding{LECO}\selectfont\char207}
0335	\Elzxl{}
0336	\Elzbar{}
0337	{\fontencoding{LECO}\selectfont\char215}
0338	{\fontencoding{LECO}\selectfont\char216}
033A	{\fontencoding{LECO}\selectfont\char218}
033B	{\fontencoding{LECO}\selectfont\char219}
033C	{\fontencoding{LECO}\selectfont\char220}
033D	{\fontencoding{LECO}\selectfont\char221}
0361	{\fontencoding{LECO}\selectfont\char225}
0386	\'{A}
0388	\'{E}
0389	\'{H}
038A	\'{}{I}
038C	\'{}O
038E	\mathrm{'Y}
038F	\mathrm{'\Omega}
0390	\acute{\ddot{\iota}}
0391	\ensuremath{\Alpha}
0392	\ensuremath{\Beta}
0393	\ensuremath{\Gamma}
0394	\ensuremath{\Delta}
0395	\ensuremath{\Epsilon}
0396	\ensuremath{\Zeta}
0397	\ensuremath{\Eta}
0398	\ensuremath{\Theta}
0399	\ensuremath{\Iota}
039A	\ensuremath{\Kappa}
039B	\ensuremath{\Lambda}
039E	\ensuremath{\Xi}
03A0	\ensuremath{\Pi}
03A1	\ensuremath{\Rho}
03A3	\ensuremath{\Sigma}
03A4	\ensuremath{\Tau}
03A5	\ensuremath{\Upsilon}
03A6	\ensuremath{\Phi}
03A7	\ensuremath{\Chi}
03A8	\ensuremath{\Psi}
03A9	\ensuremath{\Omega}
03AA	\mathrm{\ddot{I}}
03AB	\mathrm{\ddot{Y}}
03AC	\'{$\alpha$}
03AD	\acute{\epsilon}
03AE	\acute{\eta}
03AF	\acute{\iota}
03B0	\acute{\ddot{\upsilon}}
03B1	\ensuremath{\alpha}
03B2	\ensuremath{\beta}
03B3	\ensuremath{\gamma}
03B4	\ensuremath{\delta}
03B5	\ensuremath{\epsilon}
03B6	\ensuremath{\zeta}
03B7	\ensuremath{\eta}
03B8	\texttheta{}
03B9	\ensuremath{\iota}
03BA	\ensuremath{\kappa}
03BB	\ensuremath{\lambda}
03BC	\ensuremath{\mu}
03BD	\ensuremath{\nu}
03BE	\ensuremath{\xi}
03C0	\ensuremath{\pi}
03C1	\ensuremath{\rho}
03C2	\ensuremath{\varsigma}
03C3	\ensuremath{\sigma}
03C4	\ensuremath{\tau}
03C5	\ensuremath{\upsilon}
03C6	\ensuremath{\varphi}
03C7	\ensuremath{\chi}
03C8	\ensuremath{\psi}
03C9	\ensuremath{\omega}
03CA	\ensuremath{\ddot{\iota}}
03CB	\ensuremath{\ddot{\upsilon}}
03CC	\'{o}
03CD	\acute{\upsilon}
03CE	\acute{\omega}
03D0	\Pisymbol{ppi022}{87}
03D1	\textvartheta{}
03D2	\ensuremath{\Upsilon}
03D5	\ensuremath{\phi}
03D6	\ensuremath{\varpi}
03DA	\Stigma{}
03DC	\Digamma{}
03DD	\digamma{}
03DE	\Koppa{}
03E0	\Sampi{}
03F0	\varkappa{}
03F1	\varrho{}
03F4	\textTheta{}
03F6	\backepsilon{}
0401	\cyrchar\CYRYO{}
0402	\cyrchar\CYRDJE{}
0403	\cyrchar{\'\CYRG}
0404	\cyrchar\CYRIE{}
0405	\cyrchar\CYRDZE{}
0406	\cyrchar\CYRII{}
0407	\cyrchar\CYRYI{}
0408	\cyrchar\CYRJE{}
0409	\cyrchar\CYRLJE{}
040A	\cyrchar\CYRNJE{}
040B	\cyrchar\CYRTSHE{}
040C	\cyrchar{\'\CYRK}
040E	\cyrchar\CYRUSHRT{}
040F	\cyrchar\CYRDZHE{}
0410	\cyrchar\CYRA{}
0411	\cyrchar\CYRB{}
0412	\cyrchar\CYRV{}
0413	\cyrchar\CYRG{}
0414	\cyrchar\CYRD{}
0415	\cyrchar\CYRE{}
0416	\cyrchar\CYRZH{}
0417	\cyrchar\CYRZ{}
0418	\cyrchar\CYRI{}
0419	\cyrchar\CYRISHRT{}
041A	\cyrchar\CYRK{}
041B	\cyrchar\CYRL{}
041C	\cyrchar\CYRM{}
041D	\cyrchar\CYRN{}
041E	\cyrchar\CYRO{}
041F	\cyrchar\CYRP{}
0420	\cyrchar\CYRR{}
0421	\cyrchar\CYRS{}
0422	\cyrchar\CYRT{}
0423	\cyrchar\CYRU{}
0424	\cyrchar\CYRF{}
0425	\cyrchar\CYRH{}
0426	\cyrchar\CYRC{}
0427	\cyrchar\CYRCH{}
0428	\cyrchar\CYRSH{}
0429	\cyrchar\CYRSHCH{}
042A	\cyrchar\CYRHRDSN{}
042B	\cyrchar\CYRERY{}
042C	\cyrchar\CYRSFTSN{}
042D	\cyrchar\CYREREV{}
042E	\cyrchar\CYRYU{}
042F	\cyrchar\CYRYA{}
0430	\cyrchar\cyra{}
0431	\cyrchar\cyrb{}
0432	\cyrchar\cyrv{}
0433	\cyrchar\cyrg{}
0434	\cyrchar\cyrd{}
0435	\cyrchar\cyre{}
0436	\cyrchar\cyrzh{}
0437	\cyrchar\cyrz{}
0438	\cyrchar\cyri{}
0439	\cyrchar\cyrishrt{}
043A	\cyrchar\cyrk{}
043B	\cyrchar\cyrl{}
043C	\cyrchar\cyrm{}
043D	\cyrchar\cyrn{}
043E	\cyrchar\cyro{}
043F	\cyrchar\cyrp{}
0440	\cyrchar\cyrr{}
0441	\cyrchar\cyrs{}
0442	\cyrchar\cyrt{}
0443	\cyrchar\cyru{}
0444	\cyrchar\cyrf{}
0445	\cyrchar\cyrh{}
0446	\cyrchar\cyrc{}
0447	\cyrchar\cyrch{}
0448	\cyrchar\cyrsh{}
0449	\cyrchar\cyrshch{}
044A	\cyrchar\cyrhrdsn{}
044B	\cyrchar\cyrery{}
044C	\cyrchar\cyrsftsn{}
044D	\cyrchar\cyrerev{}
044E	\cyrchar\cyryu{}
044F	\cyrchar\cyrya{}
0451	\cyrchar\cyryo{}
0452	\cyrchar\cyrdje{}
0453	\cyrchar{\'\cyrg}
0454	\cyrchar\cyrie{}
0455	\cyrchar\cyrdze{}
0456	\cyrchar\cyrii{}
0457	\cyrchar\cyryi{}
0458	\cyrchar\cyrje{}
0459	\cyrchar\cyrlje{}
045A	\cyrchar\cyrnje{}
045B	\cyrchar\cyrtshe{}
045C	\cyrchar{\'\cyrk}
045E	\cyrchar\cyrushrt{}
045F	\cyrchar\cyrdzhe{}
0460	\cyrchar\CYROMEGA{}
0461	\cyrchar\cyromega{}
0462	\cyrchar\CYRYAT{}
0464	\cyrchar\CYRIOTE{}
0465	\cyrchar\cyriote{}
0466	\cyrchar\CYRLYUS{}
0467	\cyrchar\cyrlyus{}
0468	\cyrchar\CYRIOTLYUS{}
0469	\cyrchar\cyriotlyus{}
046A	\cyrchar\CYRBYUS{}
046C	\cyrchar\CYRIOTBYUS{}
046D	\cyrchar\cyriotbyus{}
046E	\cyrchar\CYRKSI{}
046F	\cyrchar\cyrksi{}
0470	\cyrchar\CYRPSI{}
0471	\cyrchar\cyrpsi{}
0472	\cyrchar\CYRFITA{}
0474	\cyrchar\CYRIZH{}
0478	\cyrchar\CYRUK{}
0479	\cyrchar\cyruk{}
047A	\cyrchar\CYROMEGARND{}
047B	\cyrchar\cyromegarnd{}
047C	\cyrchar\CYROMEGATITLO{}
047D	\cyrchar\cyromegatitlo{}
047E	\cyrchar\CYROT{}
047F	\cyrchar\cyrot{}
0480	\cyrchar\CYRKOPPA{}
0481	\cyrchar\cyrkoppa{}
0482	\cyrchar\cyrthousands{}
0488	\cyrchar\cyrhundredthousands{}
0489	\cyrchar\cyrmillions{}
048C	\cyrchar\CYRSEMISFTSN{}
048D	\cyrchar\cyrsemisftsn{}
048E	\cyrchar\CYRRTICK{}
048F	\cyrchar\cyrrtick{}
0490	\cyrchar\CYRGUP{}
0491	\cyrchar\cyrgup{}
0492	\cyrchar\CYRGHCRS{}
0493	\cyrchar\cyrghcrs{}
0494	\cyrchar\CYRGHK{}
0495	\cyrchar\cyrghk{}
0496	\cyrchar\CYRZHDSC{}
0497	\cyrchar\cyrzhdsc{}
0498	\cyrchar\CYRZDSC{}
0499	\cyrchar\cyrzdsc{}
049A	\cyrchar\CYRKDSC{}
049B	\cyrchar\cyrkdsc{}
049C	\cyrchar\CYRKVCRS{}
049D	\cyrchar\cyrkvcrs{}
049E	\cyrchar\CYRKHCRS{}
049F	\cyrchar\cyrkhcrs{}
04A0	\cyrchar\CYRKBEAK{}
04A1	\cyrchar\cyrkbeak{}
04A2	\cyrchar\CYRNDSC{}
04A3	\cyrchar\cyrndsc{}
04A4	\cyrchar\CYRNG{}
04A5	\cyrchar\cyrng{}
04A6	\cyrchar\CYRPHK{}
04A7	\cyrchar\cyrphk{}
04A8	\cyrchar\CYRABHHA{}
04A9	\cyrchar\cyrabhha{}
04AA	\cyrchar\CYRSDSC{}
04AB	\cyrchar\cyrsdsc{}
04AC	\cyrchar\CYRTDSC{}
04AD	\cyrchar\cyrtdsc{}
04AE	\cyrchar\CYRY{}
04AF	\cyrchar\cyry{}
04B0	\cyrchar\CYRYHCRS{}
04B1	\cyrchar\cyryhcrs{}
04B2	\cyrchar\CYRHDSC{}
04B3	\cyrchar\cyrhdsc{}
04B4	\cyrchar\CYRTETSE{}
04B5	\cyrchar\cyrtetse{}
04B6	\cyrchar\CYRCHRDSC{}
04B7	\cyrchar\cyrchrdsc{}
04B8	\cyrchar\CYRCHVCRS{}
04B9	\cyrchar\cyrchvcrs{}
04BA	\cyrchar\CYRSHHA{}
04BB	\cyrchar\cyrshha{}
04BC	\cyrchar\CYRABHCH{}
04BD	\cyrchar\cyrabhch{}
04BE	\cyrchar\CYRABHCHDSC{}
04BF	\cyrchar\cyrabhchdsc{}
04C0	\cyrchar\CYRpalochka{}
04C3	\cyrchar\CYRKHK{}
04C4	\cyrchar\cyrkhk{}
04C7	\cyrchar\CYRNHK{}
04C8	\cyrchar\cyrnhk{}
04CB	\cyrchar\CYRCHLDSC{}
04CC	\cyrchar\cyrchldsc{}
04D4	\cyrchar\CYRAE{}
04D5	\cyrchar\cyrae{}
04D8	\cyrchar\CYRSCHWA{}
04D9	\cyrchar\cyrschwa{}
04E0	\cyrchar\CYRABHDZE{}
04E1	\cyrchar\cyrabhdze{}
04E8	\cyrchar\CYROTLD{}
04E9	\cyrchar\cyrotld{}
2002	\hspace{0.6em}
2003	\hspace{1em}
2004	\hspace{0.33em}
2005	\hspace{0.25em}
2006	\hspace{0.166em}
2007	\hphantom{0}
2008	\hphantom{,}
2009	\hspace{0.167em}
200A	\mkern1mu{}
2010	-
2014	--
2015	\rule{1em}{1pt}
2016	\Vert{}
2018	`
2019	'
201B	\Elzreapos{}
201C	``
201D	''
201E	,,
2020	\textdagger{}
2021	\textdaggerdbl{}
2022	\textbullet{}
2025	..
2026	\ldots{}
2030	\textperthousand{}
2031	\textpertenthousand{}
2032	\ensuremath{'}
2033	\ensuremath{''}
2034	\ensuremath{'''}
2035	\backprime{}
2039	\guilsinglleft{}
203A	\guilsinglright{}
2057	''''
205F	\mkern4mu{}
2060	\nolinebreak{}
20A7	\ensuremath{\Elzpes}
20AC	\mbox{\texteuro}{}
20DB	\dddot{}
20DC	\ddddot{}
2102	\mathbb{C}
210A	\mathscr{g}
210B	\mathscr{H}
210C	\mathfrak{H}
210D	\mathbb{H}
210F	\hslash{}
2110	\mathscr{I}
2111	\mathfrak{I}
2112	\mathscr{L}
2113	\mathscr{l}
2115	\mathbb{N}
2116	\cyrchar\textnumero{}
2118	\wp{}
2119	\mathbb{P}
211A	\mathbb{Q}
211B	\mathscr{R}
211C	\mathfrak{R}
211D	\mathbb{R}
211E	\Elzxrat{}
2122	\texttrademark{}
2124	\mathbb{Z}
2126	\Omega{}
2127	\mho{}
2128	\mathfrak{Z}
2129	\ElsevierGlyph{2129}
212B	\AA{}
212C	\mathscr{B}
212D	\mathfrak{C}
212F	\mathscr{e}
2130	\mathscr{E}
2131	\mathscr{F}
2133	\mathscr{M}
2134	\mathscr{o}
2135	\aleph{}
2136	\beth{}
2137	\gimel{}
2138	\daleth{}
2153	\textfrac{1}{3}
2154	\textfrac{2}{3}
2155	\textfrac{1}{5}
2156	\textfrac{2}{5}
2157	\textfrac{3}{5}
2158	\textfrac{4}{5}
2159	\textfrac{1}{6}
215A	\textfrac{5}{6}
215B	\textfrac{1}{8}
215C	\textfrac{3}{8}
215D	\textfrac{5}{8}
215E	\textfrac{7}{8}
2190	\leftarrow{}
2191	\uparrow{}
2192	\rightarrow{}
2193	\downarrow{}
2194	\leftrightarrow{}
2195	\updownarrow{}
2196	\nwarrow{}
2197	\nearrow{}
2198	\searrow{}
2199	\swarrow{}
219A	\nleftarrow{}
219B	\nrightarrow{}
219C	\arrowwaveright{}
219D	\arrowwaveright{}
219E	\twoheadleftarrow{}
21A0	\twoheadrightarrow{}
21A2	\leftarrowtail{}
21A3	\rightarrowtail{}
21A6	\mapsto{}
21A9	\hookleftarrow{}
21AA	\hookrightarrow{}
21AB	\looparrowleft{}
21AC	\looparrowright{}
21AD	\leftrightsquigarrow{}
21AE	\nleftrightarrow{}
21B0	\Lsh{}
21B1	\Rsh{}
21B3	\ElsevierGlyph{21B3}
21B6	\curvearrowleft{}
21B7	\curvearrowright{}
21BA	\circlearrowleft{}
21BB	\circlearrowright{}
21BC	\leftharpoonup{}
21BD	\leftharpoondown{}
21BE	\upharpoonright{}
21BF	\upharpoonleft{}
21C0	\rightharpoonup{}
21C1	\rightharpoondown{}
21C2	\downharpoonright{}
21C3	\downharpoonleft{}
21C4	\rightleftarrows{}
21C5	\dblarrowupdown{}
21C6	\leftrightarrows{}
21C7	\leftleftarrows{}
21C8	\upuparrows{}
21C9	\rightrightarrows{}
21CA	\downdownarrows{}
21CB	\leftrightharpoons{}
21CC	\rightleftharpoons{}
21CD	\nLeftarrow{}
21CE	\nLeftrightarrow{}
21CF	\nRightarrow{}
21D0	\Leftarrow{}
21D1	\Uparrow{}
21D2	\Rightarrow{}
21D3	\Downarrow{}
21D4	\Leftrightarrow{}
21D5	\Updownarrow{}
21DA	\Lleftarrow{}
21DB	\Rrightarrow{}
21DD	\rightsquigarrow{}
21F5	\DownArrowUpArrow{}
2200	\forall{}
2201	\complement{}
2202	\partial{}
2203	\exists{}
2204	\nexists{}
2205	\varnothing{}
2207	\nabla{}
2208	\in{}
2209	\not\in{}
220B	\ni{}
220C	\not\ni{}
220F	\prod{}
2210	\coprod{}
2211	\sum{}
2212    -
2213	\mp{}
2214	\dotplus{}
2216	\setminus{}
2217	{_\ast}
2218	\circ{}
2219	\bullet{}
221A	\surd{}
221D	\propto{}
221E	\infty{}
221F	\rightangle{}
2220	\angle{}
2221	\measuredangle{}
2222	\sphericalangle{}
2223	\mid{}
2224	\nmid{}
2225	\parallel{}
2226	\nparallel{}
2227	\wedge{}
2228	\vee{}
2229	\cap{}
222A	\cup{}
222B	\int{}
222C	\int\!\int{}
222D	\int\!\int\!\int{}
222E	\oint{}
222F	\surfintegral{}
2230	\volintegral{}
2231	\clwintegral{}
2232	\ElsevierGlyph{2232}
2233	\ElsevierGlyph{2233}
2234	\therefore{}
2235	\because{}
2237	\Colon{}
2238	\ElsevierGlyph{2238}
223A	\mathbin{{:}\!\!{-}\!\!{:}}
223B	\homothetic{}
223C	\sim{}
223D	\backsim{}
223E	\lazysinv{}
2240	\wr{}
2241	\not\sim{}
2242	\ElsevierGlyph{2242}
2243	\simeq{}
2244	\not\simeq{}
2245	\cong{}
2246	\approxnotequal{}
2247	\not\cong{}
2248	\approx{}
2249	\not\approx{}
224A	\approxeq{}
224B	\tildetrpl{}
224C	\allequal{}
224D	\asymp{}
224E	\Bumpeq{}
224F	\bumpeq{}
2250	\doteq{}
2251	\doteqdot{}
2252	\fallingdotseq{}
2253	\risingdotseq{}
2254	:=
2255	=:
2256	\eqcirc{}
2257	\circeq{}
2259	\estimates{}
225A	\ElsevierGlyph{225A}
225B	\starequal{}
225C	\triangleq{}
225F	\ElsevierGlyph{225F}
2260	\not =
2261	\equiv{}
2262	\not\equiv{}
2264	\leq{}
2265	\geq{}
2266	\leqq{}
2267	\geqq{}
2268	\lneqq{}
2269	\gneqq{}
226A	\ll{}
226B	\gg{}
226C	\between{}
226D	\not\kern-0.3em\times{}
226E	\not&lt;
226F	\not&gt;
2270	\not\leq{}
2271	\not\geq{}
2272	\lessequivlnt{}
2273	\greaterequivlnt{}
2274	\ElsevierGlyph{2274}
2275	\ElsevierGlyph{2275}
2276	\lessgtr{}
2277	\gtrless{}
2278	\notlessgreater{}
2279	\notgreaterless{}
227A	\prec{}
227B	\succ{}
227C	\preccurlyeq{}
227D	\succcurlyeq{}
227E	\precapprox{}
227F	\succapprox{}
2280	\not\prec{}
2281	\not\succ{}
2282	\subset{}
2283	\supset{}
2284	\not\subset{}
2285	\not\supset{}
2286	\subseteq{}
2287	\supseteq{}
2288	\not\subseteq{}
2289	\not\supseteq{}
228A	\subsetneq{}
228B	\supsetneq{}
228E	\uplus{}
228F	\sqsubset{}
2290	\sqsupset{}
2291	\sqsubseteq{}
2292	\sqsupseteq{}
2293	\sqcap{}
2294	\sqcup{}
2295	\oplus{}
2296	\ominus{}
2297	\otimes{}
2298	\oslash{}
2299	\odot{}
229A	\circledcirc{}
229B	\circledast{}
229D	\circleddash{}
229E	\boxplus{}
229F	\boxminus{}
22A0	\boxtimes{}
22A1	\boxdot{}
22A2	\vdash{}
22A3	\dashv{}
22A4	\top{}
22A5	\perp{}
22A7	\truestate{}
22A8	\forcesextra{}
22A9	\Vdash{}
22AA	\Vvdash{}
22AB	\VDash{}
22AC	\nvdash{}
22AD	\nvDash{}
22AE	\nVdash{}
22AF	\nVDash{}
22B2	\vartriangleleft{}
22B3	\vartriangleright{}
22B4	\trianglelefteq{}
22B5	\trianglerighteq{}
22B6	\original{}
22B7	\image{}
22B8	\multimap{}
22B9	\hermitconjmatrix{}
22BA	\intercal{}
22BB	\veebar{}
22BE	\rightanglearc{}
22C0	\ElsevierGlyph{22C0}
22C1	\ElsevierGlyph{22C1}
22C2	\bigcap{}
22C3	\bigcup{}
22C4	\diamond{}
22C5	\cdot{}
22C6	\star{}
22C7	\divideontimes{}
22C8	\bowtie{}
22C9	\ltimes{}
22CA	\rtimes{}
22CB	\leftthreetimes{}
22CC	\rightthreetimes{}
22CD	\backsimeq{}
22CE	\curlyvee{}
22CF	\curlywedge{}
22D0	\Subset{}
22D1	\Supset{}
22D2	\Cap{}
22D3	\Cup{}
22D4	\pitchfork{}
22D6	\lessdot{}
22D7	\gtrdot{}
22D8	\verymuchless{}
22D9	\verymuchgreater{}
22DA	\lesseqgtr{}
22DB	\gtreqless{}
22DE	\curlyeqprec{}
22DF	\curlyeqsucc{}
22E2	\not\sqsubseteq{}
22E3	\not\sqsupseteq{}
22E5	\Elzsqspne{}
22E6	\lnsim{}
22E7	\gnsim{}
22E8	\precedesnotsimilar{}
22E9	\succnsim{}
22EA	\ntriangleleft{}
22EB	\ntriangleright{}
22EC	\ntrianglelefteq{}
22ED	\ntrianglerighteq{}
22EE	\vdots{}
22EF	\cdots{}
22F0	\upslopeellipsis{}
22F1	\downslopeellipsis{}
2305	\barwedge{}
2306	\perspcorrespond{}
2308	\lceil{}
2309	\rceil{}
230A	\lfloor{}
230B	\rfloor{}
2315	\recorder{}
2316	\mathchar"2208
231C	\ulcorner{}
231D	\urcorner{}
231E	\llcorner{}
231F	\lrcorner{}
2322	\frown{}
2323	\smile{}
2329	\langle{}
232A	\rangle{}
233D	\ElsevierGlyph{E838}
23A3	\Elzdlcorn{}
23B0	\lmoustache{}
23B1	\rmoustache{}
2423	\textvisiblespace{}
2460	\ding{172}
2461	\ding{173}
2462	\ding{174}
2463	\ding{175}
2464	\ding{176}
2465	\ding{177}
2466	\ding{178}
2467	\ding{179}
2468	\ding{180}
2469	\ding{181}
24C8	\circledS{}
2506	\Elzdshfnc{}
2519	\Elzsqfnw{}
2571	\diagup{}
25A0	\ding{110}
25A1	\square{}
25AA	\blacksquare{}
25AD	\fbox{~~}
25AF	\Elzvrecto{}
25B1	\ElsevierGlyph{E381}
25B2	\ding{115}
25B3	\bigtriangleup{}
25B4	\blacktriangle{}
25B5	\vartriangle{}
25B8	\blacktriangleright{}
25B9	\triangleright{}
25BC	\ding{116}
25BD	\bigtriangledown{}
25BE	\blacktriangledown{}
25BF	\triangledown{}
25C2	\blacktriangleleft{}
25C3	\triangleleft{}
25C6	\ding{117}
25CA	\lozenge{}
25CB	\bigcirc{}
25CF	\ding{108}
25D0	\Elzcirfl{}
25D1	\Elzcirfr{}
25D2	\Elzcirfb{}
25D7	\ding{119}
25D8	\Elzrvbull{}
25E7	\Elzsqfl{}
25E8	\Elzsqfr{}
25EA	\Elzsqfse{}
25EF	\bigcirc{}
2605	\ding{72}
2606	\ding{73}
260E	\ding{37}
261B	\ding{42}
261E	\ding{43}
263E	\rightmoon{}
263F	\mercury{}
2640	\venus{}
2642	\male{}
2643	\jupiter{}
2644	\saturn{}
2645	\uranus{}
2646	\neptune{}
2647	\pluto{}
2648	\aries{}
2649	\taurus{}
264A	\gemini{}
264B	\cancer{}
264C	\leo{}
264D	\virgo{}
264E	\libra{}
264F	\scorpio{}
2650	\sagittarius{}
2651	\capricornus{}
2652	\aquarius{}
2653	\pisces{}
2660	\ding{171}
2662	\diamond{}
2663	\ding{168}
2665	\ding{170}
2666	\ding{169}
2669	\quarternote{}
266A	\eighthnote{}
266D	\flat{}
266E	\natural{}
266F	\sharp{}
2701	\ding{33}
2702	\ding{34}
2703	\ding{35}
2704	\ding{36}
2706	\ding{38}
2707	\ding{39}
2708	\ding{40}
2709	\ding{41}
270C	\ding{44}
270D	\ding{45}
270E	\ding{46}
270F	\ding{47}
2710	\ding{48}
2711	\ding{49}
2712	\ding{50}
2713	\ding{51}
2714	\ding{52}
2715	\ding{53}
2716	\ding{54}
2717	\ding{55}
2718	\ding{56}
2719	\ding{57}
271A	\ding{58}
271B	\ding{59}
271C	\ding{60}
271D	\ding{61}
271E	\ding{62}
271F	\ding{63}
2720	\ding{64}
2721	\ding{65}
2722	\ding{66}
2723	\ding{67}
2724	\ding{68}
2725	\ding{69}
2726	\ding{70}
2727	\ding{71}
2729	\ding{73}
272A	\ding{74}
272B	\ding{75}
272C	\ding{76}
272D	\ding{77}
272E	\ding{78}
272F	\ding{79}
2730	\ding{80}
2731	\ding{81}
2732	\ding{82}
2733	\ding{83}
2734	\ding{84}
2735	\ding{85}
2736	\ding{86}
2737	\ding{87}
2738	\ding{88}
2739	\ding{89}
273A	\ding{90}
273B	\ding{91}
273C	\ding{92}
273D	\ding{93}
273E	\ding{94}
273F	\ding{95}
2740	\ding{96}
2741	\ding{97}
2742	\ding{98}
2743	\ding{99}
2744	\ding{100}
2745	\ding{101}
2746	\ding{102}
2747	\ding{103}
2748	\ding{104}
2749	\ding{105}
274A	\ding{106}
274B	\ding{107}
274D	\ding{109}
274F	\ding{111}
2750	\ding{112}
2751	\ding{113}
2752	\ding{114}
2756	\ding{118}
2758	\ding{120}
2759	\ding{121}
275A	\ding{122}
275B	\ding{123}
275C	\ding{124}
275D	\ding{125}
275E	\ding{126}
2761	\ding{161}
2762	\ding{162}
2763	\ding{163}
2764	\ding{164}
2765	\ding{165}
2766	\ding{166}
2767	\ding{167}
2776	\ding{182}
2777	\ding{183}
2778	\ding{184}
2779	\ding{185}
277A	\ding{186}
277B	\ding{187}
277C	\ding{188}
277D	\ding{189}
277E	\ding{190}
277F	\ding{191}
2780	\ding{192}
2781	\ding{193}
2782	\ding{194}
2783	\ding{195}
2784	\ding{196}
2785	\ding{197}
2786	\ding{198}
2787	\ding{199}
2788	\ding{200}
2789	\ding{201}
278A	\ding{202}
278B	\ding{203}
278C	\ding{204}
278D	\ding{205}
278E	\ding{206}
278F	\ding{207}
2790	\ding{208}
2791	\ding{209}
2792	\ding{210}
2793	\ding{211}
2794	\ding{212}
2798	\ding{216}
2799	\ding{217}
279A	\ding{218}
279B	\ding{219}
279C	\ding{220}
279D	\ding{221}
279E	\ding{222}
279F	\ding{223}
27A0	\ding{224}
27A1	\ding{225}
27A2	\ding{226}
27A3	\ding{227}
27A4	\ding{228}
27A5	\ding{229}
27A6	\ding{230}
27A7	\ding{231}
27A8	\ding{232}
27A9	\ding{233}
27AA	\ding{234}
27AB	\ding{235}
27AC	\ding{236}
27AD	\ding{237}
27AE	\ding{238}
27AF	\ding{239}
27B1	\ding{241}
27B2	\ding{242}
27B3	\ding{243}
27B4	\ding{244}
27B5	\ding{245}
27B6	\ding{246}
27B7	\ding{247}
27B8	\ding{248}
27B9	\ding{249}
27BA	\ding{250}
27BB	\ding{251}
27BC	\ding{252}
27BD	\ding{253}
27BE	\ding{254}
27F5	\longleftarrow{}
27F6	\longrightarrow{}
27F7	\longleftrightarrow{}
27F8	\Longleftarrow{}
27F9	\Longrightarrow{}
27FA	\Longleftrightarrow{}
27FC	\longmapsto{}
27FF	\sim\joinrel\leadsto
2905	\ElsevierGlyph{E212}
2912	\UpArrowBar{}
2913	\DownArrowBar{}
2923	\ElsevierGlyph{E20C}
2924	\ElsevierGlyph{E20D}
2925	\ElsevierGlyph{E20B}
2926	\ElsevierGlyph{E20A}
2927	\ElsevierGlyph{E211}
2928	\ElsevierGlyph{E20E}
2929	\ElsevierGlyph{E20F}
292A	\ElsevierGlyph{E210}
2933	\ElsevierGlyph{E21C}
2936	\ElsevierGlyph{E21A}
2937	\ElsevierGlyph{E219}
2940	\Elolarr{}
2941	\Elorarr{}
2942	\ElzRlarr{}
2944	\ElzrLarr{}
2947	\Elzrarrx{}
294E	\LeftRightVector{}
294F	\RightUpDownVector{}
2950	\DownLeftRightVector{}
2951	\LeftUpDownVector{}
2952	\LeftVectorBar{}
2953	\RightVectorBar{}
2954	\RightUpVectorBar{}
2955	\RightDownVectorBar{}
2956	\DownLeftVectorBar{}
2957	\DownRightVectorBar{}
2958	\LeftUpVectorBar{}
2959	\LeftDownVectorBar{}
295A	\LeftTeeVector{}
295B	\RightTeeVector{}
295C	\RightUpTeeVector{}
295D	\RightDownTeeVector{}
295E	\DownLeftTeeVector{}
295F	\DownRightTeeVector{}
2960	\LeftUpTeeVector{}
2961	\LeftDownTeeVector{}
296E	\UpEquilibrium{}
296F	\ReverseUpEquilibrium{}
2970	\RoundImplies{}
297C	\ElsevierGlyph{E214}
297D	\ElsevierGlyph{E215}
2980	\Elztfnc{}
2985	\ElsevierGlyph{3018}
2986	\Elroang{}
2993	&lt;\kern-0.58em(
2994	\ElsevierGlyph{E291}
2999	\Elzddfnc{}
299C	\Angle{}
29A0	\Elzlpargt{}
29B5	\ElsevierGlyph{E260}
29B6	\ElsevierGlyph{E61B}
29CA	\ElzLap{}
29CB	\Elzdefas{}
29CF	\LeftTriangleBar{}
29D0	\RightTriangleBar{}
29DC	\ElsevierGlyph{E372}
29EB	\blacklozenge{}
29F4	\RuleDelayed{}
2A04	\Elxuplus{}
2A05	\ElzThr{}
2A06	\Elxsqcup{}
2A07	\ElzInf{}
2A08	\ElzSup{}
2A0D	\ElzCint{}
2A0F	\clockoint{}
2A10	\ElsevierGlyph{E395}
2A16	\sqrint{}
2A25	\ElsevierGlyph{E25A}
2A2A	\ElsevierGlyph{E25B}
2A2D	\ElsevierGlyph{E25C}
2A2E	\ElsevierGlyph{E25D}
2A2F	\ElzTimes{}
2A34	\ElsevierGlyph{E25E}
2A35	\ElsevierGlyph{E25E}
2A3C	\ElsevierGlyph{E259}
2A3F	\amalg{}
2A53	\ElzAnd{}
2A54	\ElzOr{}
2A55	\ElsevierGlyph{E36E}
2A56	\ElOr{}
2A5E	\perspcorrespond{}
2A5F	\Elzminhat{}
2A63	\ElsevierGlyph{225A}
2A6E	\stackrel{*}{=}
2A75	\Equal{}
2A7D	\leqslant{}
2A7E	\geqslant{}
2A85	\lessapprox{}
2A86	\gtrapprox{}
2A87	\lneq{}
2A88	\gneq{}
2A89	\lnapprox{}
2A8A	\gnapprox{}
2A8B	\lesseqqgtr{}
2A8C	\gtreqqless{}
2A95	\eqslantless{}
2A96	\eqslantgtr{}
2A9D	\Pisymbol{ppi020}{117}
2A9E	\Pisymbol{ppi020}{105}
2AA1	\NestedLessLess{}
2AA2	\NestedGreaterGreater{}
2AAF	\preceq{}
2AB0	\succeq{}
2AB5	\precneqq{}
2AB6	\succneqq{}
2AB7	\precapprox{}
2AB8	\succapprox{}
2AB9	\precnapprox{}
2ABA	\succnapprox{}
2AC5	\subseteqq{}
2AC6	\supseteqq{}
2ACB	\subsetneqq{}
2ACC	\supsetneqq{}
2AEB	\ElsevierGlyph{E30D}
2AF6	\Elztdcol{}
2AFD	{{/}\!\!{/}}
300A	\ElsevierGlyph{300A}
300B	\ElsevierGlyph{300B}
3018	\ElsevierGlyph{3018}
3019	\ElsevierGlyph{3019}
301A	\openbracketleft{}
301B	\openbracketright{}
FB00	ff
FB01	fi
FB02	fl
FB03	ffi
FB04	ffl
D400	\mathbf{A}
D401	\mathbf{B}
D402	\mathbf{C}
D403	\mathbf{D}
D404	\mathbf{E}
D405	\mathbf{F}
D406	\mathbf{G}
D407	\mathbf{H}
D408	\mathbf{I}
D409	\mathbf{J}
D40A	\mathbf{K}
D40B	\mathbf{L}
D40C	\mathbf{M}
D40D	\mathbf{N}
D40E	\mathbf{O}
D40F	\mathbf{P}
D410	\mathbf{Q}
D411	\mathbf{R}
D412	\mathbf{S}
D413	\mathbf{T}
D414	\mathbf{U}
D415	\mathbf{V}
D416	\mathbf{W}
D417	\mathbf{X}
D418	\mathbf{Y}
D419	\mathbf{Z}
D41A	\mathbf{a}
D41B	\mathbf{b}
D41C	\mathbf{c}
D41D	\mathbf{d}
D41E	\mathbf{e}
D41F	\mathbf{f}
D420	\mathbf{g}
D421	\mathbf{h}
D422	\mathbf{i}
D423	\mathbf{j}
D424	\mathbf{k}
D425	\mathbf{l}
D426	\mathbf{m}
D427	\mathbf{n}
D428	\mathbf{o}
D429	\mathbf{p}
D42A	\mathbf{q}
D42B	\mathbf{r}
D42C	\mathbf{s}
D42D	\mathbf{t}
D42E	\mathbf{u}
D42F	\mathbf{v}
D430	\mathbf{w}
D431	\mathbf{x}
D432	\mathbf{y}
D433	\mathbf{z}
D434	\mathsl{A}
D435	\mathsl{B}
D436	\mathsl{C}
D437	\mathsl{D}
D438	\mathsl{E}
D439	\mathsl{F}
D43A	\mathsl{G}
D43B	\mathsl{H}
D43C	\mathsl{I}
D43D	\mathsl{J}
D43E	\mathsl{K}
D43F	\mathsl{L}
D440	\mathsl{M}
D441	\mathsl{N}
D442	\mathsl{O}
D443	\mathsl{P}
D444	\mathsl{Q}
D445	\mathsl{R}
D446	\mathsl{S}
D447	\mathsl{T}
D448	\mathsl{U}
D449	\mathsl{V}
D44A	\mathsl{W}
D44B	\mathsl{X}
D44C	\mathsl{Y}
D44D	\mathsl{Z}
D44E	\mathsl{a}
D44F	\mathsl{b}
D450	\mathsl{c}
D451	\mathsl{d}
D452	\mathsl{e}
D453	\mathsl{f}
D454	\mathsl{g}
D456	\mathsl{i}
D457	\mathsl{j}
D458	\mathsl{k}
D459	\mathsl{l}
D45A	\mathsl{m}
D45B	\mathsl{n}
D45C	\mathsl{o}
D45D	\mathsl{p}
D45E	\mathsl{q}
D45F	\mathsl{r}
D460	\mathsl{s}
D461	\mathsl{t}
D462	\mathsl{u}
D463	\mathsl{v}
D464	\mathsl{w}
D465	\mathsl{x}
D466	\mathsl{y}
D467	\mathsl{z}
D468	\mathbit{A}
D469	\mathbit{B}
D46A	\mathbit{C}
D46B	\mathbit{D}
D46C	\mathbit{E}
D46D	\mathbit{F}
D46E	\mathbit{G}
D46F	\mathbit{H}
D470	\mathbit{I}
D471	\mathbit{J}
D472	\mathbit{K}
D473	\mathbit{L}
D474	\mathbit{M}
D475	\mathbit{N}
D476	\mathbit{O}
D477	\mathbit{P}
D478	\mathbit{Q}
D479	\mathbit{R}
D47A	\mathbit{S}
D47B	\mathbit{T}
D47C	\mathbit{U}
D47D	\mathbit{V}
D47E	\mathbit{W}
D47F	\mathbit{X}
D480	\mathbit{Y}
D481	\mathbit{Z}
D482	\mathbit{a}
D483	\mathbit{b}
D484	\mathbit{c}
D485	\mathbit{d}
D486	\mathbit{e}
D487	\mathbit{f}
D488	\mathbit{g}
D489	\mathbit{h}
D48A	\mathbit{i}
D48B	\mathbit{j}
D48C	\mathbit{k}
D48D	\mathbit{l}
D48E	\mathbit{m}
D48F	\mathbit{n}
D490	\mathbit{o}
D491	\mathbit{p}
D492	\mathbit{q}
D493	\mathbit{r}
D494	\mathbit{s}
D495	\mathbit{t}
D496	\mathbit{u}
D497	\mathbit{v}
D498	\mathbit{w}
D499	\mathbit{x}
D49A	\mathbit{y}
D49B	\mathbit{z}
D49C	\mathscr{A}
D49E	\mathscr{C}
D49F	\mathscr{D}
D4A2	\mathscr{G}
D4A5	\mathscr{J}
D4A6	\mathscr{K}
D4A9	\mathscr{N}
D4AA	\mathscr{O}
D4AB	\mathscr{P}
D4AC	\mathscr{Q}
D4AE	\mathscr{S}
D4AF	\mathscr{T}
D4B0	\mathscr{U}
D4B1	\mathscr{V}
D4B2	\mathscr{W}
D4B3	\mathscr{X}
D4B4	\mathscr{Y}
D4B5	\mathscr{Z}
D4B6	\mathscr{a}
D4B7	\mathscr{b}
D4B8	\mathscr{c}
D4B9	\mathscr{d}
D4BB	\mathscr{f}
D4BD	\mathscr{h}
D4BE	\mathscr{i}
D4BF	\mathscr{j}
D4C0	\mathscr{k}
D4C1	\mathscr{l}
D4C2	\mathscr{m}
D4C3	\mathscr{n}
D4C5	\mathscr{p}
D4C6	\mathscr{q}
D4C7	\mathscr{r}
D4C8	\mathscr{s}
D4C9	\mathscr{t}
D4CA	\mathscr{u}
D4CB	\mathscr{v}
D4CC	\mathscr{w}
D4CD	\mathscr{x}
D4CE	\mathscr{y}
D4CF	\mathscr{z}
D4D0	\mathmit{A}
D4D1	\mathmit{B}
D4D2	\mathmit{C}
D4D3	\mathmit{D}
D4D4	\mathmit{E}
D4D5	\mathmit{F}
D4D6	\mathmit{G}
D4D7	\mathmit{H}
D4D8	\mathmit{I}
D4D9	\mathmit{J}
D4DA	\mathmit{K}
D4DB	\mathmit{L}
D4DC	\mathmit{M}
D4DD	\mathmit{N}
D4DE	\mathmit{O}
D4DF	\mathmit{P}
D4E0	\mathmit{Q}
D4E1	\mathmit{R}
D4E2	\mathmit{S}
D4E3	\mathmit{T}
D4E4	\mathmit{U}
D4E5	\mathmit{V}
D4E6	\mathmit{W}
D4E7	\mathmit{X}
D4E8	\mathmit{Y}
D4E9	\mathmit{Z}
D4EA	\mathmit{a}
D4EB	\mathmit{b}
D4EC	\mathmit{c}
D4ED	\mathmit{d}
D4EE	\mathmit{e}
D4EF	\mathmit{f}
D4F0	\mathmit{g}
D4F1	\mathmit{h}
D4F2	\mathmit{i}
D4F3	\mathmit{j}
D4F4	\mathmit{k}
D4F5	\mathmit{l}
D4F6	\mathmit{m}
D4F7	\mathmit{n}
D4F8	\mathmit{o}
D4F9	\mathmit{p}
D4FA	\mathmit{q}
D4FB	\mathmit{r}
D4FC	\mathmit{s}
D4FD	\mathmit{t}
D4FE	\mathmit{u}
D4FF	\mathmit{v}
D500	\mathmit{w}
D501	\mathmit{x}
D502	\mathmit{y}
D503	\mathmit{z}
D504	\mathfrak{A}
D505	\mathfrak{B}
D507	\mathfrak{D}
D508	\mathfrak{E}
D509	\mathfrak{F}
D50A	\mathfrak{G}
D50D	\mathfrak{J}
D50E	\mathfrak{K}
D50F	\mathfrak{L}
D510	\mathfrak{M}
D511	\mathfrak{N}
D512	\mathfrak{O}
D513	\mathfrak{P}
D514	\mathfrak{Q}
D516	\mathfrak{S}
D517	\mathfrak{T}
D518	\mathfrak{U}
D519	\mathfrak{V}
D51A	\mathfrak{W}
D51B	\mathfrak{X}
D51C	\mathfrak{Y}
D51E	\mathfrak{a}
D51F	\mathfrak{b}
D520	\mathfrak{c}
D521	\mathfrak{d}
D522	\mathfrak{e}
D523	\mathfrak{f}
D524	\mathfrak{g}
D525	\mathfrak{h}
D526	\mathfrak{i}
D527	\mathfrak{j}
D528	\mathfrak{k}
D529	\mathfrak{l}
D52A	\mathfrak{m}
D52B	\mathfrak{n}
D52C	\mathfrak{o}
D52D	\mathfrak{p}
D52E	\mathfrak{q}
D52F	\mathfrak{r}
D530	\mathfrak{s}
D531	\mathfrak{t}
D532	\mathfrak{u}
D533	\mathfrak{v}
D534	\mathfrak{w}
D535	\mathfrak{x}
D536	\mathfrak{y}
D537	\mathfrak{z}
D538	\mathbb{A}
D539	\mathbb{B}
D53B	\mathbb{D}
D53C	\mathbb{E}
D53D	\mathbb{F}
D53E	\mathbb{G}
D540	\mathbb{I}
D541	\mathbb{J}
D542	\mathbb{K}
D543	\mathbb{L}
D544	\mathbb{M}
D546	\mathbb{O}
D54A	\mathbb{S}
D54B	\mathbb{T}
D54C	\mathbb{U}
D54D	\mathbb{V}
D54E	\mathbb{W}
D54F	\mathbb{X}
D550	\mathbb{Y}
D552	\mathbb{a}
D553	\mathbb{b}
D554	\mathbb{c}
D555	\mathbb{d}
D556	\mathbb{e}
D557	\mathbb{f}
D558	\mathbb{g}
D559	\mathbb{h}
D55A	\mathbb{i}
D55B	\mathbb{j}
D55C	\mathbb{k}
D55D	\mathbb{l}
D55E	\mathbb{m}
D55F	\mathbb{n}
D560	\mathbb{o}
D561	\mathbb{p}
D562	\mathbb{q}
D563	\mathbb{r}
D564	\mathbb{s}
D565	\mathbb{t}
D566	\mathbb{u}
D567	\mathbb{v}
D568	\mathbb{w}
D569	\mathbb{x}
D56A	\mathbb{y}
D56B	\mathbb{z}
D56C	\mathslbb{A}
D56D	\mathslbb{B}
D56E	\mathslbb{C}
D56F	\mathslbb{D}
D570	\mathslbb{E}
D571	\mathslbb{F}
D572	\mathslbb{G}
D573	\mathslbb{H}
D574	\mathslbb{I}
D575	\mathslbb{J}
D576	\mathslbb{K}
D577	\mathslbb{L}
D578	\mathslbb{M}
D579	\mathslbb{N}
D57A	\mathslbb{O}
D57B	\mathslbb{P}
D57C	\mathslbb{Q}
D57D	\mathslbb{R}
D57E	\mathslbb{S}
D57F	\mathslbb{T}
D580	\mathslbb{U}
D581	\mathslbb{V}
D582	\mathslbb{W}
D583	\mathslbb{X}
D584	\mathslbb{Y}
D585	\mathslbb{Z}
D586	\mathslbb{a}
D587	\mathslbb{b}
D588	\mathslbb{c}
D589	\mathslbb{d}
D58A	\mathslbb{e}
D58B	\mathslbb{f}
D58C	\mathslbb{g}
D58D	\mathslbb{h}
D58E	\mathslbb{i}
D58F	\mathslbb{j}
D590	\mathslbb{k}
D591	\mathslbb{l}
D592	\mathslbb{m}
D593	\mathslbb{n}
D594	\mathslbb{o}
D595	\mathslbb{p}
D596	\mathslbb{q}
D597	\mathslbb{r}
D598	\mathslbb{s}
D599	\mathslbb{t}
D59A	\mathslbb{u}
D59B	\mathslbb{v}
D59C	\mathslbb{w}
D59D	\mathslbb{x}
D59E	\mathslbb{y}
D59F	\mathslbb{z}
D5A0	\mathsf{A}
D5A1	\mathsf{B}
D5A2	\mathsf{C}
D5A3	\mathsf{D}
D5A4	\mathsf{E}
D5A5	\mathsf{F}
D5A6	\mathsf{G}
D5A7	\mathsf{H}
D5A8	\mathsf{I}
D5A9	\mathsf{J}
D5AA	\mathsf{K}
D5AB	\mathsf{L}
D5AC	\mathsf{M}
D5AD	\mathsf{N}
D5AE	\mathsf{O}
D5AF	\mathsf{P}
D5B0	\mathsf{Q}
D5B1	\mathsf{R}
D5B2	\mathsf{S}
D5B3	\mathsf{T}
D5B4	\mathsf{U}
D5B5	\mathsf{V}
D5B6	\mathsf{W}
D5B7	\mathsf{X}
D5B8	\mathsf{Y}
D5B9	\mathsf{Z}
D5BA	\mathsf{a}
D5BB	\mathsf{b}
D5BC	\mathsf{c}
D5BD	\mathsf{d}
D5BE	\mathsf{e}
D5BF	\mathsf{f}
D5C0	\mathsf{g}
D5C1	\mathsf{h}
D5C2	\mathsf{i}
D5C3	\mathsf{j}
D5C4	\mathsf{k}
D5C5	\mathsf{l}
D5C6	\mathsf{m}
D5C7	\mathsf{n}
D5C8	\mathsf{o}
D5C9	\mathsf{p}
D5CA	\mathsf{q}
D5CB	\mathsf{r}
D5CC	\mathsf{s}
D5CD	\mathsf{t}
D5CE	\mathsf{u}
D5CF	\mathsf{v}
D5D0	\mathsf{w}
D5D1	\mathsf{x}
D5D2	\mathsf{y}
D5D3	\mathsf{z}
D5D4	\mathsfbf{A}
D5D5	\mathsfbf{B}
D5D6	\mathsfbf{C}
D5D7	\mathsfbf{D}
D5D8	\mathsfbf{E}
D5D9	\mathsfbf{F}
D5DA	\mathsfbf{G}
D5DB	\mathsfbf{H}
D5DC	\mathsfbf{I}
D5DD	\mathsfbf{J}
D5DE	\mathsfbf{K}
D5DF	\mathsfbf{L}
D5E0	\mathsfbf{M}
D5E1	\mathsfbf{N}
D5E2	\mathsfbf{O}
D5E3	\mathsfbf{P}
D5E4	\mathsfbf{Q}
D5E5	\mathsfbf{R}
D5E6	\mathsfbf{S}
D5E7	\mathsfbf{T}
D5E8	\mathsfbf{U}
D5E9	\mathsfbf{V}
D5EA	\mathsfbf{W}
D5EB	\mathsfbf{X}
D5EC	\mathsfbf{Y}
D5ED	\mathsfbf{Z}
D5EE	\mathsfbf{a}
D5EF	\mathsfbf{b}
D5F0	\mathsfbf{c}
D5F1	\mathsfbf{d}
D5F2	\mathsfbf{e}
D5F3	\mathsfbf{f}
D5F4	\mathsfbf{g}
D5F5	\mathsfbf{h}
D5F6	\mathsfbf{i}
D5F7	\mathsfbf{j}
D5F8	\mathsfbf{k}
D5F9	\mathsfbf{l}
D5FA	\mathsfbf{m}
D5FB	\mathsfbf{n}
D5FC	\mathsfbf{o}
D5FD	\mathsfbf{p}
D5FE	\mathsfbf{q}
D5FF	\mathsfbf{r}
D600	\mathsfbf{s}
D601	\mathsfbf{t}
D602	\mathsfbf{u}
D603	\mathsfbf{v}
D604	\mathsfbf{w}
D605	\mathsfbf{x}
D606	\mathsfbf{y}
D607	\mathsfbf{z}
D608	\mathsfsl{A}
D609	\mathsfsl{B}
D60A	\mathsfsl{C}
D60B	\mathsfsl{D}
D60C	\mathsfsl{E}
D60D	\mathsfsl{F}
D60E	\mathsfsl{G}
D60F	\mathsfsl{H}
D610	\mathsfsl{I}
D611	\mathsfsl{J}
D612	\mathsfsl{K}
D613	\mathsfsl{L}
D614	\mathsfsl{M}
D615	\mathsfsl{N}
D616	\mathsfsl{O}
D617	\mathsfsl{P}
D618	\mathsfsl{Q}
D619	\mathsfsl{R}
D61A	\mathsfsl{S}
D61B	\mathsfsl{T}
D61C	\mathsfsl{U}
D61D	\mathsfsl{V}
D61E	\mathsfsl{W}
D61F	\mathsfsl{X}
D620	\mathsfsl{Y}
D621	\mathsfsl{Z}
D622	\mathsfsl{a}
D623	\mathsfsl{b}
D624	\mathsfsl{c}
D625	\mathsfsl{d}
D626	\mathsfsl{e}
D627	\mathsfsl{f}
D628	\mathsfsl{g}
D629	\mathsfsl{h}
D62A	\mathsfsl{i}
D62B	\mathsfsl{j}
D62C	\mathsfsl{k}
D62D	\mathsfsl{l}
D62E	\mathsfsl{m}
D62F	\mathsfsl{n}
D630	\mathsfsl{o}
D631	\mathsfsl{p}
D632	\mathsfsl{q}
D633	\mathsfsl{r}
D634	\mathsfsl{s}
D635	\mathsfsl{t}
D636	\mathsfsl{u}
D637	\mathsfsl{v}
D638	\mathsfsl{w}
D639	\mathsfsl{x}
D63A	\mathsfsl{y}
D63B	\mathsfsl{z}
D63C	\mathsfbfsl{A}
D63D	\mathsfbfsl{B}
D63E	\mathsfbfsl{C}
D63F	\mathsfbfsl{D}
D640	\mathsfbfsl{E}
D641	\mathsfbfsl{F}
D642	\mathsfbfsl{G}
D643	\mathsfbfsl{H}
D644	\mathsfbfsl{I}
D645	\mathsfbfsl{J}
D646	\mathsfbfsl{K}
D647	\mathsfbfsl{L}
D648	\mathsfbfsl{M}
D649	\mathsfbfsl{N}
D64A	\mathsfbfsl{O}
D64B	\mathsfbfsl{P}
D64C	\mathsfbfsl{Q}
D64D	\mathsfbfsl{R}
D64E	\mathsfbfsl{S}
D64F	\mathsfbfsl{T}
D650	\mathsfbfsl{U}
D651	\mathsfbfsl{V}
D652	\mathsfbfsl{W}
D653	\mathsfbfsl{X}
D654	\mathsfbfsl{Y}
D655	\mathsfbfsl{Z}
D656	\mathsfbfsl{a}
D657	\mathsfbfsl{b}
D658	\mathsfbfsl{c}
D659	\mathsfbfsl{d}
D65A	\mathsfbfsl{e}
D65B	\mathsfbfsl{f}
D65C	\mathsfbfsl{g}
D65D	\mathsfbfsl{h}
D65E	\mathsfbfsl{i}
D65F	\mathsfbfsl{j}
D660	\mathsfbfsl{k}
D661	\mathsfbfsl{l}
D662	\mathsfbfsl{m}
D663	\mathsfbfsl{n}
D664	\mathsfbfsl{o}
D665	\mathsfbfsl{p}
D666	\mathsfbfsl{q}
D667	\mathsfbfsl{r}
D668	\mathsfbfsl{s}
D669	\mathsfbfsl{t}
D66A	\mathsfbfsl{u}
D66B	\mathsfbfsl{v}
D66C	\mathsfbfsl{w}
D66D	\mathsfbfsl{x}
D66E	\mathsfbfsl{y}
D66F	\mathsfbfsl{z}
D670	\mathtt{A}
D671	\mathtt{B}
D672	\mathtt{C}
D673	\mathtt{D}
D674	\mathtt{E}
D675	\mathtt{F}
D676	\mathtt{G}
D677	\mathtt{H}
D678	\mathtt{I}
D679	\mathtt{J}
D67A	\mathtt{K}
D67B	\mathtt{L}
D67C	\mathtt{M}
D67D	\mathtt{N}
D67E	\mathtt{O}
D67F	\mathtt{P}
D680	\mathtt{Q}
D681	\mathtt{R}
D682	\mathtt{S}
D683	\mathtt{T}
D684	\mathtt{U}
D685	\mathtt{V}
D686	\mathtt{W}
D687	\mathtt{X}
D688	\mathtt{Y}
D689	\mathtt{Z}
D68A	\mathtt{a}
D68B	\mathtt{b}
D68C	\mathtt{c}
D68D	\mathtt{d}
D68E	\mathtt{e}
D68F	\mathtt{f}
D690	\mathtt{g}
D691	\mathtt{h}
D692	\mathtt{i}
D693	\mathtt{j}
D694	\mathtt{k}
D695	\mathtt{l}
D696	\mathtt{m}
D697	\mathtt{n}
D698	\mathtt{o}
D699	\mathtt{p}
D69A	\mathtt{q}
D69B	\mathtt{r}
D69C	\mathtt{s}
D69D	\mathtt{t}
D69E	\mathtt{u}
D69F	\mathtt{v}
D6A0	\mathtt{w}
D6A1	\mathtt{x}
D6A2	\mathtt{y}
D6A3	\mathtt{z}
D6A8	\mathbf{\Alpha}
D6A9	\mathbf{\Beta}
D6AA	\mathbf{\Gamma}
D6AB	\mathbf{\Delta}
D6AC	\mathbf{\Epsilon}
D6AD	\mathbf{\Zeta}
D6AE	\mathbf{\Eta}
D6AF	\mathbf{\Theta}
D6B0	\mathbf{\Iota}
D6B1	\mathbf{\Kappa}
D6B2	\mathbf{\Lambda}
D6B5	\mathbf{\Xi}
D6B7	\mathbf{\Pi}
D6B8	\mathbf{\Rho}
D6B9	\mathbf{\vartheta}
D6BA	\mathbf{\Sigma}
D6BB	\mathbf{\Tau}
D6BC	\mathbf{\Upsilon}
D6BD	\mathbf{\Phi}
D6BE	\mathbf{\Chi}
D6BF	\mathbf{\Psi}
D6C0	\mathbf{\Omega}
D6C1	\mathbf{\nabla}
D6C2	\mathbf{\Alpha}
D6C3	\mathbf{\Beta}
D6C4	\mathbf{\Gamma}
D6C5	\mathbf{\Delta}
D6C6	\mathbf{\Epsilon}
D6C7	\mathbf{\Zeta}
D6C8	\mathbf{\Eta}
D6C9	\mathbf{\theta}
D6CA	\mathbf{\Iota}
D6CB	\mathbf{\Kappa}
D6CC	\mathbf{\Lambda}
D6CF	\mathbf{\Xi}
D6D1	\mathbf{\Pi}
D6D2	\mathbf{\Rho}
D6D3	\mathbf{\varsigma}
D6D4	\mathbf{\Sigma}
D6D5	\mathbf{\Tau}
D6D6	\mathbf{\Upsilon}
D6D7	\mathbf{\Phi}
D6D8	\mathbf{\Chi}
D6D9	\mathbf{\Psi}
D6DA	\mathbf{\Omega}
D6DB	\partial{}
D6DC	\in
D6DD	\mathbf{\vartheta}
D6DE	\mathbf{\varkappa}
D6DF	\mathbf{\phi}
D6E0	\mathbf{\varrho}
D6E1	\mathbf{\varpi}
D6E2	\mathsl{\Alpha}
D6E3	\mathsl{\Beta}
D6E4	\mathsl{\Gamma}
D6E5	\mathsl{\Delta}
D6E6	\mathsl{\Epsilon}
D6E7	\mathsl{\Zeta}
D6E8	\mathsl{\Eta}
D6E9	\mathsl{\Theta}
D6EA	\mathsl{\Iota}
D6EB	\mathsl{\Kappa}
D6EC	\mathsl{\Lambda}
D6EF	\mathsl{\Xi}
D6F1	\mathsl{\Pi}
D6F2	\mathsl{\Rho}
D6F3	\mathsl{\vartheta}
D6F4	\mathsl{\Sigma}
D6F5	\mathsl{\Tau}
D6F6	\mathsl{\Upsilon}
D6F7	\mathsl{\Phi}
D6F8	\mathsl{\Chi}
D6F9	\mathsl{\Psi}
D6FA	\mathsl{\Omega}
D6FB	\mathsl{\nabla}
D6FC	\mathsl{\Alpha}
D6FD	\mathsl{\Beta}
D6FE	\mathsl{\Gamma}
D6FF	\mathsl{\Delta}
D700	\mathsl{\Epsilon}
D701	\mathsl{\Zeta}
D702	\mathsl{\Eta}
D703	\mathsl{\Theta}
D704	\mathsl{\Iota}
D705	\mathsl{\Kappa}
D706	\mathsl{\Lambda}
D709	\mathsl{\Xi}
D70B	\mathsl{\Pi}
D70C	\mathsl{\Rho}
D70D	\mathsl{\varsigma}
D70E	\mathsl{\Sigma}
D70F	\mathsl{\Tau}
D710	\mathsl{\Upsilon}
D711	\mathsl{\Phi}
D712	\mathsl{\Chi}
D713	\mathsl{\Psi}
D714	\mathsl{\Omega}
D715	\partial{}
D716	\in
D717	\mathsl{\vartheta}
D718	\mathsl{\varkappa}
D719	\mathsl{\phi}
D71A	\mathsl{\varrho}
D71B	\mathsl{\varpi}
D71C	\mathbit{\Alpha}
D71D	\mathbit{\Beta}
D71E	\mathbit{\Gamma}
D71F	\mathbit{\Delta}
D720	\mathbit{\Epsilon}
D721	\mathbit{\Zeta}
D722	\mathbit{\Eta}
D723	\mathbit{\Theta}
D724	\mathbit{\Iota}
D725	\mathbit{\Kappa}
D726	\mathbit{\Lambda}
D729	\mathbit{\Xi}
D72B	\mathbit{\Pi}
D72C	\mathbit{\Rho}
D72D	\mathbit{O}
D72E	\mathbit{\Sigma}
D72F	\mathbit{\Tau}
D730	\mathbit{\Upsilon}
D731	\mathbit{\Phi}
D732	\mathbit{\Chi}
D733	\mathbit{\Psi}
D734	\mathbit{\Omega}
D735	\mathbit{\nabla}
D736	\mathbit{\Alpha}
D737	\mathbit{\Beta}
D738	\mathbit{\Gamma}
D739	\mathbit{\Delta}
D73A	\mathbit{\Epsilon}
D73B	\mathbit{\Zeta}
D73C	\mathbit{\Eta}
D73D	\mathbit{\Theta}
D73E	\mathbit{\Iota}
D73F	\mathbit{\Kappa}
D740	\mathbit{\Lambda}
D743	\mathbit{\Xi}
D745	\mathbit{\Pi}
D746	\mathbit{\Rho}
D747	\mathbit{\varsigma}
D748	\mathbit{\Sigma}
D749	\mathbit{\Tau}
D74A	\mathbit{\Upsilon}
D74B	\mathbit{\Phi}
D74C	\mathbit{\Chi}
D74D	\mathbit{\Psi}
D74E	\mathbit{\Omega}
D74F	\partial{}
D750	\in
D751	\mathbit{\vartheta}
D752	\mathbit{\varkappa}
D753	\mathbit{\phi}
D754	\mathbit{\varrho}
D755	\mathbit{\varpi}
D756	\mathsfbf{\Alpha}
D757	\mathsfbf{\Beta}
D758	\mathsfbf{\Gamma}
D759	\mathsfbf{\Delta}
D75A	\mathsfbf{\Epsilon}
D75B	\mathsfbf{\Zeta}
D75C	\mathsfbf{\Eta}
D75D	\mathsfbf{\Theta}
D75E	\mathsfbf{\Iota}
D75F	\mathsfbf{\Kappa}
D760	\mathsfbf{\Lambda}
D763	\mathsfbf{\Xi}
D765	\mathsfbf{\Pi}
D766	\mathsfbf{\Rho}
D767	\mathsfbf{\vartheta}
D768	\mathsfbf{\Sigma}
D769	\mathsfbf{\Tau}
D76A	\mathsfbf{\Upsilon}
D76B	\mathsfbf{\Phi}
D76C	\mathsfbf{\Chi}
D76D	\mathsfbf{\Psi}
D76E	\mathsfbf{\Omega}
D76F	\mathsfbf{\nabla}
D770	\mathsfbf{\Alpha}
D771	\mathsfbf{\Beta}
D772	\mathsfbf{\Gamma}
D773	\mathsfbf{\Delta}
D774	\mathsfbf{\Epsilon}
D775	\mathsfbf{\Zeta}
D776	\mathsfbf{\Eta}
D777	\mathsfbf{\Theta}
D778	\mathsfbf{\Iota}
D779	\mathsfbf{\Kappa}
D77A	\mathsfbf{\Lambda}
D77D	\mathsfbf{\Xi}
D77F	\mathsfbf{\Pi}
D780	\mathsfbf{\Rho}
D781	\mathsfbf{\varsigma}
D782	\mathsfbf{\Sigma}
D783	\mathsfbf{\Tau}
D784	\mathsfbf{\Upsilon}
D785	\mathsfbf{\Phi}
D786	\mathsfbf{\Chi}
D787	\mathsfbf{\Psi}
D788	\mathsfbf{\Omega}
D789	\partial{}
D78A	\in
D78B	\mathsfbf{\vartheta}
D78C	\mathsfbf{\varkappa}
D78D	\mathsfbf{\phi}
D78E	\mathsfbf{\varrho}
D78F	\mathsfbf{\varpi}
D790	\mathsfbfsl{\Alpha}
D791	\mathsfbfsl{\Beta}
D792	\mathsfbfsl{\Gamma}
D793	\mathsfbfsl{\Delta}
D794	\mathsfbfsl{\Epsilon}
D795	\mathsfbfsl{\Zeta}
D796	\mathsfbfsl{\Eta}
D797	\mathsfbfsl{\vartheta}
D798	\mathsfbfsl{\Iota}
D799	\mathsfbfsl{\Kappa}
D79A	\mathsfbfsl{\Lambda}
D79D	\mathsfbfsl{\Xi}
D79F	\mathsfbfsl{\Pi}
D7A0	\mathsfbfsl{\Rho}
D7A1	\mathsfbfsl{\vartheta}
D7A2	\mathsfbfsl{\Sigma}
D7A3	\mathsfbfsl{\Tau}
D7A4	\mathsfbfsl{\Upsilon}
D7A5	\mathsfbfsl{\Phi}
D7A6	\mathsfbfsl{\Chi}
D7A7	\mathsfbfsl{\Psi}
D7A8	\mathsfbfsl{\Omega}
D7A9	\mathsfbfsl{\nabla}
D7AA	\mathsfbfsl{\Alpha}
D7AB	\mathsfbfsl{\Beta}
D7AC	\mathsfbfsl{\Gamma}
D7AD	\mathsfbfsl{\Delta}
D7AE	\mathsfbfsl{\Epsilon}
D7AF	\mathsfbfsl{\Zeta}
D7B0	\mathsfbfsl{\Eta}
D7B1	\mathsfbfsl{\vartheta}
D7B2	\mathsfbfsl{\Iota}
D7B3	\mathsfbfsl{\Kappa}
D7B4	\mathsfbfsl{\Lambda}
D7B7	\mathsfbfsl{\Xi}
D7B9	\mathsfbfsl{\Pi}
D7BA	\mathsfbfsl{\Rho}
D7BB	\mathsfbfsl{\varsigma}
D7BC	\mathsfbfsl{\Sigma}
D7BD	\mathsfbfsl{\Tau}
D7BE	\mathsfbfsl{\Upsilon}
D7BF	\mathsfbfsl{\Phi}
D7C0	\mathsfbfsl{\Chi}
D7C1	\mathsfbfsl{\Psi}
D7C2	\mathsfbfsl{\Omega}
D7C3	\partial{}
D7C4	\in
D7C5	\mathsfbfsl{\vartheta}
D7C6	\mathsfbfsl{\varkappa}
D7C7	\mathsfbfsl{\phi}
D7C8	\mathsfbfsl{\varrho}
D7C9	\mathsfbfsl{\varpi}
D7CE	\mathbf{0}
D7CF	\mathbf{1}
D7D0	\mathbf{2}
D7D1	\mathbf{3}
D7D2	\mathbf{4}
D7D3	\mathbf{5}
D7D4	\mathbf{6}
D7D5	\mathbf{7}
D7D6	\mathbf{8}
D7D7	\mathbf{9}
D7D8	\mathbb{0}
D7D9	\mathbb{1}
D7DA	\mathbb{2}
D7DB	\mathbb{3}
D7DC	\mathbb{4}
D7DD	\mathbb{5}
D7DE	\mathbb{6}
D7DF	\mathbb{7}
D7E0	\mathbb{8}
D7E1	\mathbb{9}
D7E2	\mathsf{0}
D7E3	\mathsf{1}
D7E4	\mathsf{2}
D7E5	\mathsf{3}
D7E6	\mathsf{4}
D7E7	\mathsf{5}
D7E8	\mathsf{6}
D7E9	\mathsf{7}
D7EA	\mathsf{8}
D7EB	\mathsf{9}
D7EC	\mathsfbf{0}
D7ED	\mathsfbf{1}
D7EE	\mathsfbf{2}
D7EF	\mathsfbf{3}
D7F0	\mathsfbf{4}
D7F1	\mathsfbf{5}
D7F2	\mathsfbf{6}
D7F3	\mathsfbf{7}
D7F4	\mathsfbf{8}
D7F5	\mathsfbf{9}
D7F6	\mathtt{0}
D7F7	\mathtt{1}
D7F8	\mathtt{2}
D7F9	\mathtt{3}
D7FA	\mathtt{4}
D7FB	\mathtt{5}
D7FC	\mathtt{6}
D7FD	\mathtt{7}
D7FE	\mathtt{8}
D7FF	\mathtt{9}
